,Retweets Count,Likes Count
count,534.0,534.0
mean,10.69020391235446,4.677541394722283
std,41.04766762688679,13.487011797045634
min,-0.9860810392824002,-0.9876383817730393
25%,-0.5116558374231008,-0.5949535192563081
50%,0.8793103448275863,0.3728920886292586
75%,4.294117647058823,2.717350861962049
max,445.7368421052632,152.78434225844003
