,Retweets Count,Likes Count
count,534.0,534.0
mean,5687.110486891385,55743.62359550562
std,14594.711568775934,107814.07583274346
min,73.0,1350.0
25%,445.5,6727.0
50%,862.0,13469.0
75%,3092.0,51025.0
max,107869.0,865043.0
